﻿designator,quantity,value,pack,mpn,mount_type
C1,1,CAP4.7uF,C_1206_3216Metric,,smt
"C10, C12, C6, C9",4,CAP1uF,C_1206_3216Metric,,smt
"C11, C13, C14, C15",4,CAP1uF,C_0603_1608Metric,,smt
"C16, C7",2,CAP100nF,C_0603_1608Metric,,smt
C2,1,CAP100nF,C_1206_3216Metric,,smt
C3,1,CAP10uF,C_1206_3216Metric,,smt
"C4, C8",2,470nF,C_0603_1608Metric,,smt
C5,1,CAP22uF,C_1206_3216Metric,,smt
D1,1,SM712_SOT23,SOT-23,,smt
D2,1,IR26-21C_L110_TR8,LED_1206_3216Metric,,smt
"FID1, FID2",2,Fiducial,Fiducial_1.5mm_Mask3mm,,smt
"H1, H2, H3, H4",4,MountingHole_Pad,MountingHole_3.2mm_M3_DIN965_Pad,,tht
"J1, J3",2,Screw_Terminal_01x08,1862068,,tht
J10,1,Conn_01x02,PinHeader_1x02_P2.54mm_Vertical,,tht
J2,1,Screw_Terminal_01x04,PinHeader_1x04_P2.54mm_Vertical,,tht
"J4, J5",2,Screw_Terminal_01x06,1071000,,tht
"J6, J7",2,Conn_01x02_Pin,PinHeader_1x02_P2.54mm_Vertical,,tht
"J8, J9",2,Conn_01x03,PinHeader_1x03_P2.54mm_Vertical,,tht
"R1, R10, R2, R24, R25, R29, R3, R30, R31, R4, R5, R6, R7",13,R10K,R_0603_1608Metric,,smt
"R11, R21",2,R470,R_1206_3216Metric_Pad1.30x1.75mm_HandSolder,,smt
R12,1,R220,R_0603_1608Metric,,smt
R13,1,R100,R_0603_1608Metric,,smt
"R14, R16, R19",3,2.2k,R_0603_1608Metric,,smt
"R15, R17, R27, R28, R9",5,1k,R_0603_1608Metric,,smt
"R18, R20",2,R1K,R_0603_1608Metric,,smt
"R22, R23",2,10KR,R_0603_1608Metric,,smt
"R26, R8",2,10,R_0603_1608Metric,,smt
"RV1, RV2, RV3, RV4",4,R_Poti_1K,Potentiometer_Bourns_3214J_Horizontal,,smt
SW1,1,SW_DIP_x06,SMDIP-12_W9.53mm,,smt
U1,1,STM32G031K8Tx,LQFP-32_7x7mm_P0.8mm,,smt
U2,1,STM32G031K8Ux,QFN-32-1EP_5x5mm_P0.5mm_EP3.45x3.45mm,,smt
"U3, U6",2,MCP6002-xMS,SOIC-8_3.9x4.9mm_P1.27mm,,smt
U4,1,OKI-78SR-5_1.5-W36-C,Converter_DCDC_Murata_OKI-78SR_Vertical,,tht
U5,1,AP2127N-3.3,SOT-23,,smt
U7,1,LT1785xS8,SOIC-8_3.9x4.9mm_P1.27mm,,smt
U8,1,SHT4x,Sensirion_DFN-4_1.5x1.5mm_P0.8mm_SHT4x_NoCentralPad,,smt
U9,1,AD8676,SOIC-8_3.9x4.9mm_P1.27mm,,smt
kibuzzard-64E925B6,1,G***,kibuzzard-64E925B6,,tht
kibuzzard-64E92756,1,G***,kibuzzard-64E92756,,tht
kibuzzard-64E958EB,1,G***,kibuzzard-64E958EB,,tht
kibuzzard-64E958FD,1,G***,kibuzzard-64E958FD,,tht
kibuzzard-64ECCA5B,1,G***,kibuzzard-64ECCA5B,,tht
kibuzzard-64ECCA80,1,G***,kibuzzard-64ECCA80,,tht
kibuzzard-64ECCBAE,1,G***,kibuzzard-64ECCBAE,,tht
kibuzzard-650224BF,1,G***,kibuzzard-650224BF,,tht
kibuzzard-650224CC,1,G***,kibuzzard-650224CC,,tht
kibuzzard-650224F1,1,G***,kibuzzard-650224F1,,tht
kibuzzard-651DD8EE,1,G***,kibuzzard-651DD8EE,,tht
kibuzzard-651DD908,1,G***,kibuzzard-651DD908,,tht
