﻿pos_x,pos_y,rotation,side,designator,mpn,pack,value,mount_type,place
14.5254,-34.8,-90.0,top,C1,,C_1206_3216Metric,CAP4.7uF,smt,True
2.5154,-25.8,180.0,top,C10,,C_1206_3216Metric,CAP1uF,smt,True
-2.6846,-28.8,-90.0,top,C11,,C_0603_1608Metric,CAP1uF,smt,True
2.5154,-39.0,180.0,top,C12,,C_1206_3216Metric,CAP1uF,smt,True
-2.6846,-41.8,-90.0,top,C13,,C_0603_1608Metric,CAP1uF,smt,True
9.9154,-43.4,90.0,top,C14,,C_0603_1608Metric,CAP1uF,smt,True
9.9154,-30.4,90.0,top,C15,,C_0603_1608Metric,CAP1uF,smt,True
-4.9746,-28.725,-90.0,top,C16,,C_0603_1608Metric,CAP100nF,smt,True
14.5254,-29.2,90.0,top,C2,,C_1206_3216Metric,CAP100nF,smt,True
55.0254,-26.0,-90.0,top,C3,,C_1206_3216Metric,CAP10uF,smt,True
25.04,-39.4496,90.0,top,C4,,C_0603_1608Metric,470nF,smt,True
41.0,-22.0,90.0,top,C5,,C_1206_3216Metric,CAP22uF,smt,True
37.0,-22.0,90.0,top,C6,,C_1206_3216Metric,CAP1uF,smt,True
33.2754,-32.75,-90.0,top,C7,,C_0603_1608Metric,CAP100nF,smt,True
25.04,-51.4746,-90.0,top,C8,,C_0603_1608Metric,470nF,smt,True
19.7754,-45.5,-90.0,top,C9,,C_1206_3216Metric,CAP1uF,smt,True
30.665,-35.5375,-90.0,top,D1,,SOT-23,SM712_SOT23,smt,True
49.0254,-60.0,180.0,top,D2,,LED_1206_3216Metric,IR26-21C_L110_TR8,smt,True
-7.1746,-55.8,0.0,top,FID1,,Fiducial_1.5mm_Mask3mm,Fiducial,smt,True
62.0254,-26.5,0.0,top,FID2,,Fiducial_1.5mm_Mask3mm,Fiducial,smt,True
59.0254,-22.5,0.0,top,H1,,MountingHole_3.2mm_M3_DIN965_Pad,MountingHole_Pad,tht,True
-6.9746,-22.5,0.0,top,H2,,MountingHole_3.2mm_M3_DIN965_Pad,MountingHole_Pad,tht,True
59.0254,-61.5,0.0,top,H3,,MountingHole_3.2mm_M3_DIN965_Pad,MountingHole_Pad,tht,True
-6.9746,-61.5,0.0,top,H4,,MountingHole_3.2mm_M3_DIN965_Pad,MountingHole_Pad,tht,True
42.5254,-42.4746,90.0,top,J1,,1862068,Screw_Terminal_01x08,tht,True
11.3004,-21.8,-90.0,top,J10,,PinHeader_1x02_P2.54mm_Vertical,Conn_01x02,tht,True
14.3508,-49.3254,180.0,top,J2,,PinHeader_1x04_P2.54mm_Vertical,Screw_Terminal_01x04,tht,True
60.0254,-42.4746,90.0,top,J3,,1862068,Screw_Terminal_01x08,tht,True
42.5254,-54.9746,90.0,top,J4,,1071000,Screw_Terminal_01x06,tht,True
60.0254,-54.9746,90.0,top,J5,,1071000,Screw_Terminal_01x06,tht,True
36.515,-44.2046,180.0,top,J6,,PinHeader_1x02_P2.54mm_Vertical,Conn_01x02_Pin,tht,True
36.515,-49.2846,180.0,top,J7,,PinHeader_1x02_P2.54mm_Vertical,Conn_01x02_Pin,tht,True
-12.7746,-31.21,0.0,top,J8,,PinHeader_1x03_P2.54mm_Vertical,Conn_01x03,tht,True
-12.7746,-47.71,0.0,top,J9,,PinHeader_1x03_P2.54mm_Vertical,Conn_01x03,tht,True
14.015,-24.5,90.0,top,R1,,R_0603_1608Metric,R10K,smt,True
25.445,-24.5,90.0,top,R10,,R_0603_1608Metric,R10K,smt,True
30.015,-42.9746,90.0,top,R11,,R_1206_3216Metric_Pad1.30x1.75mm_HandSolder,R470,smt,True
30.525,-32.03,0.0,top,R12,,R_0603_1608Metric,R220,smt,False
44.0254,-60.175,90.0,top,R13,,R_0603_1608Metric,R100,smt,True
4.3154,-23.4,0.0,top,R14,,R_0603_1608Metric,2.2k,smt,True
27.015,-39.4746,-90.0,top,R15,,R_0603_1608Metric,1k,smt,True
21.04,-39.4496,90.0,top,R16,,R_0603_1608Metric,2.2k,smt,True
27.015,-51.4746,90.0,top,R17,,R_0603_1608Metric,1k,smt,True
23.04,-39.4496,90.0,top,R18,,R_0603_1608Metric,R1K,smt,True
21.04,-51.4746,-90.0,top,R19,,R_0603_1608Metric,2.2k,smt,True
15.92,-24.5,90.0,top,R2,,R_0603_1608Metric,R10K,smt,True
23.04,-51.4746,-90.0,top,R20,,R_0603_1608Metric,R1K,smt,True
30.015,-47.9746,90.0,top,R21,,R_1206_3216Metric_Pad1.30x1.75mm_HandSolder,R470,smt,True
33.515,-43.0,90.0,top,R22,,R_0603_1608Metric,10KR,smt,True
33.515,-48.0,90.0,top,R23,,R_0603_1608Metric,10KR,smt,True
7.7154,-30.4,90.0,top,R24,,R_0603_1608Metric,R10K,smt,True
-2.6846,-45.0,90.0,top,R25,,R_0603_1608Metric,R10K,smt,True
7.7154,-46.6,90.0,top,R26,,R_0603_1608Metric,10,smt,True
4.3404,-36.6,0.0,top,R27,,R_0603_1608Metric,1k,smt,True
0.7404,-36.6,0.0,top,R28,,R_0603_1608Metric,1k,smt,True
7.7154,-43.4,90.0,top,R29,,R_0603_1608Metric,R10K,smt,True
17.825,-24.5,90.0,top,R3,,R_0603_1608Metric,R10K,smt,True
8.7754,-24.75,-90.0,top,R30,,R_0603_1608Metric,R10K,smt,True
11.2754,-24.75,90.0,top,R31,,R_0603_1608Metric,R10K,smt,True
19.73,-24.5,90.0,top,R4,,R_0603_1608Metric,R10K,smt,True
21.635,-24.5,90.0,top,R5,,R_0603_1608Metric,R10K,smt,True
23.54,-24.5,90.0,top,R6,,R_0603_1608Metric,R10K,smt,True
-2.6846,-32.0,90.0,top,R7,,R_0603_1608Metric,R10K,smt,True
7.7154,-33.6,90.0,top,R8,,R_0603_1608Metric,10,smt,True
0.7154,-23.4,0.0,top,R9,,R_0603_1608Metric,1k,smt,True
15.5,-60.0,-90.0,top,RV1,,Potentiometer_Bourns_3214J_Horizontal,R_Poti_1K,smt,True
21.5,-60.0,-90.0,top,RV2,,Potentiometer_Bourns_3214J_Horizontal,R_Poti_1K,smt,True
27.5,-60.0,-90.0,top,RV3,,Potentiometer_Bourns_3214J_Horizontal,R_Poti_1K,smt,True
33.5,-60.0,-90.0,top,RV4,,Potentiometer_Bourns_3214J_Horizontal,R_Poti_1K,smt,True
4.5254,-57.5,90.0,top,SW1,,SMDIP-12_W9.53mm,SW_DIP_x06,smt,True
21.0,-32.0,0.0,top,U1,,LQFP-32_7x7mm_P0.8mm,STM32G031K8Tx,smt,True
21.0,-32.0,0.0,top,U2,,QFN-32-1EP_5x5mm_P0.5mm_EP3.45x3.45mm,STM32G031K8Ux,smt,False
2.5154,-30.4,0.0,top,U3,,SOIC-8_3.9x4.9mm_P1.27mm,MCP6002-xMS,smt,True
50.5654,-23.485,180.0,top,U4,,Converter_DCDC_Murata_OKI-78SR_Vertical,OKI-78SR-5_1.5-W36-C,tht,True
37.2754,-26.25,180.0,top,U5,,SOT-23,AP2127N-3.3,smt,True
2.5154,-43.4,0.0,top,U6,,SOIC-8_3.9x4.9mm_P1.27mm,MCP6002-xMS,smt,True
31.16,-26.315,-90.0,top,U7,,SOIC-8_3.9x4.9mm_P1.27mm,LT1785xS8,smt,True
-7.7246,-28.75,0.0,top,U8,,Sensirion_DFN-4_1.5x1.5mm_P0.8mm_SHT4x_NoCentralPad,SHT4x,smt,True
24.015,-45.4746,90.0,top,U9,,SOIC-8_3.9x4.9mm_P1.27mm,AD8676,smt,True
17.2254,-45.0,90.0,top,kibuzzard-64E925B6,,kibuzzard-64E925B6,G***,tht,False
4.5254,-50.4,0.0,top,kibuzzard-64E92756,,kibuzzard-64E92756,G***,tht,False
30.5254,-53.95,0.0,top,kibuzzard-64E958EB,,kibuzzard-64E958EB,G***,tht,False
18.5254,-53.9746,0.0,top,kibuzzard-64E958FD,,kibuzzard-64E958FD,G***,tht,False
53.0254,-36.75,90.0,top,kibuzzard-64ECCA5B,,kibuzzard-64ECCA5B,G***,tht,False
70.0254,-36.75,90.0,top,kibuzzard-64ECCA80,,kibuzzard-64ECCA80,G***,tht,False
70.0254,-51.5,90.0,top,kibuzzard-64ECCBAE,,kibuzzard-64ECCBAE,G***,tht,False
18.5254,-55.7246,0.0,top,kibuzzard-650224BF,,kibuzzard-650224BF,G***,tht,False
30.5254,-55.7,0.0,top,kibuzzard-650224CC,,kibuzzard-650224CC,G***,tht,False
53.5254,-51.5,90.0,top,kibuzzard-650224F1,,kibuzzard-650224F1,G***,tht,False
-9.9746,-50.4,90.0,top,kibuzzard-651DD8EE,,kibuzzard-651DD8EE,G***,tht,False
-9.9746,-33.8,90.0,top,kibuzzard-651DD908,,kibuzzard-651DD908,G***,tht,False
